{"67OCN710":1.2340258467364,"48DAB202":1.1163042796852," RENTAL ":0.00012492883925637,"26ILQ202":0.0,"86GHD295":8.3579555206998,"24GAL145":3.1614857885945,"00KMC190":4.0804477487945,"03TLD642":4.7535801479942,"27IBP021":5.1107533176966,"41JIE679":2.4672308396141,"07ZVX461":1.749835239473,"61TWP517":0.59631519029352,"65PBD021":0.79996923992755,"64JTS191":11.605958341903,"83PXZ916":2.6036206102959,"02TCY685":3.5567312488678,"48PEK053":0.000025156718989213,"07KZJ683":0.29609192682422,"61XNF975":5.8253704244403,"44SEW674":0.75676059608293,"09ZOQ343":4.4135600908074,"23FTE878":12.780502777501,"21QBC842":0.30140761519646,"22NEV603":0.17307165761924,"61LZQ568":0.25934986034362,"48UET220":0.426804785091,"49FZM497":5.3223838683762,"03GQT828":10.753197353358,"89HOV921":1.377939109637,"40XPI309":2.2203781520102,"04COW632":1.2483572014615,"66ESE811":0.000018273509200662,"08SLL117":0.60292522135973,"87KOG493":0.16448057498274,"81XWV741":3.3930658311309,"45AZK847":2.32435137787,"69RDO429":22.474282511018,"48HFF933":0.30687974209022,"60BEM951":2.5995833461956,"88FDR198":2.5402891361737,"62VRI613":0.71853109304018,"81FKN868":1.5265803259583,"29YKU822":4.5753643412277,"81JKA320":10.819942395299,"62RPP622":2.985713432773,"24HYU889":0.012590232004241,"63WVT821":5.9422201815906,"69EPT448":1.9791757913211,"60NLO687":0.94411708794286,"28WZG853":4.5603893773412,"23GCE957":6.3318012686808,"82VVM074":4.2359369418586,"25VNE041":0.32394359510311,"24COQ002":0.0,"21VOY632":3.3323490185747,"23NII482":1.5521506554281,"83RCP139":4.5608148852547,"85PBF360":2.628092023189,"87NLW089":2.9132690694615,"03TVE168":3.4969219110809,"47TBH045":14.3114053704,"81ZFY146":1.1513636263629,"69LAS420":0.10351406307419,"41VKP125":1.4139894062448,"41ILM559":0.08685026485505514,"43VSX207":0.75058022295705,"49STP394":0.65189255735079,"68CKD435":2.3895135184937,"28HTY876":0.27220459237521,"62SQN984":6.4155118585629,"46YMY119":0.19384624534249,"64XJZ601":0.0015238894207282,"06CPL160":1.1170776227946,"65VBX792":2.7299891536424,"61OPV738":5.8381530994665,"47RDJ043":12.388337792015,"07YCS953":6.877197182942,"42ZKW239":28.186300721862,"89TET925":0.49775085935293,"82XFX417":3.3294327143677,"69GAS968":11.045222596924,"40SUE822":0.97901399373213,"24IYJ215":8.0416525308904,"81MQN885":0.26854207808673,"43VFU846":2.3713796209268,"21XCD149":4.3138263420244,"66BSK450":0.74635644539061,"21ZWJ255":0.32121649826889,"26IZZ861":0.92450416379645,"60LSQ609":1.7092009808376,"80JYY072":0.57364607017028,"21PYF996":0.074098166874292,"40FNB396":2.9655471851251,"89NEP552":8.0487023136456,"84MVW967":1.4153974631846,"29GLS517":6.4523626962831,"02PZJ406":7.3930055926695,"24LYD995":5.9233635580449,"05JBT753":0.063599161015016,"07KHR410":8.6565590515395,"40AUO905":1.7373117173179,"03UAY584":0.81839741864279,"67NQE858":7.7227688219499,"68UHK688":1.6972650949563,"84NGJ668":0.16723384571075,"80BLR674":1.9107264230545,"86VKK005":0.51467493967824,"85TGT387":1.5460284035861,"27LPU517":1.4543970297555,"47MWS923":2.2346051012683,"05SAH607":0.000012106233426797,"83NOJ674":0.35554551161317,"42INI977":6.0606541193184,"47WGA842":2.05114375719,"47SKK708":12.130877398151,"28DAV191":2.1550018165114,"05AOI518":5.3490412870398,"00GSP167":1.167239307326,"63JBG169":0.000021300348142783,"25CLN507":3.6526599972353,"65ZGF495":1.3051332027333,"08TWN706":0.38848839013483,"41YRY538":6.3908402093028,"27RVS308":0.43026224450469,"25PKA185":0.79620924204794,"49PAZ177":1.2914605855496,"69GKR413":0.8655279096414,"85OVA575":0.22515448654344,"20TTN607":4.0830590174834,"22TSI641":2.7661894457751,"20YKV330":0.48141870962083,"87CEH071":11.034937885288,"65AZK603":1.8570139580023,"25KUF577":0.95922018214986,"06URP106":1.8078061284995,"24QNK785":3.542398300096,"04ZRM289":1.3316312439019,"28QTC872":1.4197722282268,"40MRA662":1.4731613111806,"63CIK159":1.193914597098,"00SEY847":0.55809990735782,"63BQW233":3.5743726966452,"41DPD735":10.376240237875,"80OUO571":8.6019396919314,"29NDG376":0.11115433167604,"49NJZ335":6.7440861706769,"05LIR505":6.8651189090966,"05EPR422":1.8386263739192,"62DIP454":3.6987266032926,"27JER859":0.26126004421907,"27PQY682":0.96542474833727,"01NKD260":4.6490358828185,"28GVW583":1.4597483224312,"21QKN982":6.9884334012515,"40GRE130":0.72344214859356,"40EMN930":1.0405528042559,"21IFW532":1.1369627755111,"61YQK518":9.2714742650732,"04PTH314":1.9180724673633,"47GNU078":0.80260900670812,"84OJU215":4.6184562697446,"67HFF475":1.6479673514478,"05XRZ761":0.61505207702319,"63BWT444":1.0568393960642,"83MEE786":4.765687154292,"61XQH803":7.1362590115666,"68WHZ265":0.29603148258051,"21EUX212":2.3261738604428,"07HZT450":1.7558353153862,"02PTG194":0.81331837030898,"29IAP460":3.4129468073471,"02WSN889":0.26392967363944,"42YOP914":0.32197868682171,"04GDZ188":3.0644285798651,"89KXM797":0.25972094308138,"87WXS798":1.2316175190943,"41FXJ196":2.9140850655298,"04FOF140":5.4062166137091,"45CXD365":2.5482971410386,"27ZPP549":0.000055680264191081,"45ZHO710":4.4305112841862,"63ZLZ109":1.9327295705763}